{"0.0": 832078, "8.429570934839417e-05": 23726, "0.0005323112956456936": 9393, "0.07751937984496124": 1161, "0.008348240906380441": 3354, "0.4479166666666667": 288}