{"0.0": 9140789, "0.375": 8, "0.011560693641618497": 173, "0.03333333333333333": 30}