{"0.0": 79797, "0.007194244604316547": 139, "0.4": 15, "0.061224489795918366": 49}