{"0.0": 822308, "0.008952551477170993": 2234, "0.0003039975680194558": 6579, "0.06550218340611354": 687, "0.4635416666666667": 192}