{"0.0": 5997894, "0.012048192771084338": 83, "0.14285714285714285": 21, "0.5": 2}