{"0.0": 6368633, "0.006688963210702341": 299, "0.034482758620689655": 58, "0.5": 10}