{"0.0": 1189116, "3.0451133543446155e-05": 197037, "0.013573367623946278": 20997, "0.0002277277514731139": 105389, "0.0006622927747997599": 48317, "0.07588532883642496": 7709, "0.5032258064516129": 2635}