{"0.0": 3366923, "4.792485382919582e-05": 41732, "0.005878647910980474": 4763, "0.00027199782401740786": 14706, "0.06635700066357": 1507, "0.45257452574525747": 369}