{"0.0": 524, "0.13286713286713286": 143, "0.06405693950177936": 281, "0.003787878787878788": 264, "0.4318181818181818": 88}