{"0.0": 1777601, "5.1703634765524014e-05": 19341, "0.0001415227851684121": 7066, "0.00658513640639699": 2126, "0.05": 720, "0.5342465753424658": 146}