{"0.0": 9369454, "0.004739336492890996": 422, "0.027522935779816515": 109, "0.4": 15}