{"0.0": 730701, "8.86053517632465e-05": 11286, "0.000488162069807176": 4097, "0.00792507204610951": 1388, "0.08068459657701711": 409, "0.47058823529411764": 119}