{"0.0": 1011, "0.0449438202247191": 89, "0.013513513513513514": 148, "0.5384615384615384": 52}