{"0.0": 798318, "3.956948401392846e-05": 50544, "0.00011522064754003918": 8679, "4.536999228710131e-05": 22041, "0.06426484907497566": 1027, "0.010329244673983214": 3098, "0.5255972696245734": 293}