{"0.0": 8402365, "0.0005148336443786602": 62156, "1.4748609943512823e-05": 406818, "6.546333160748186e-05": 168033, "0.0076926620295729884": 21709, "0.06397069184162323": 7097, "0.5021953896816685": 1822}