{"0.0": 8832115, "4.62479607539805e-06": 1729806, "3.1871211973660216e-05": 564773, "0.05298127833339101": 28897, "0.00206894853080024": 121801, "0.5026840490797546": 2608}