{"0.0": 1935344, "4.852476230751743e-07": 4121607, "1.1984596437890309e-05": 2086011, "0.0035420727057029065": 236020, "9.940487249550015e-05": 845029, "0.06520711457779353": 67692, "0.4830661684946366": 8297}