{"2.006154883181601e-07": 4984660, "0.0": 2157401, "1.588700276914153e-05": 2706615, "0.00011274420263192165": 1144183, "0.004035052088311192": 334816, "0.06731967048422745": 99540, "0.49159170903402427": 12785}