{"0.0": 2880812, "0.0008774495466510676": 6838, "0.041831097079715863": 1267, "0.5301204819277109": 83}