{"0.0": 9397148, "0.0003992015968063872": 2505, "0.026785714285714284": 336, "0.5454545454545454": 11}