{"-17.048375295640152": 1072926, "-12.17741092545725": 1193611, "-9.741928740365799": 651290, "-19.4838574807316": 225493, "-7.306446555274349": 283202, "-14.6128931105487": 1562428, "-2.4354821850914496": 38149, "-4.870964370182899": 109850, "-0.0": 8695, "-21.919339665823053": 4355, "-24.354821850914504": 1}