{"-6.381365827507876": 918703, "-12.762731655015752": 1019757, "-8.508487770010502": 1398545, "-10.635609712513126": 1517013, "-4.254243885005251": 517209, "-14.889853597518378": 303648, "-2.1271219425026255": 234679, "-17.016975540021004": 21985, "-0.0": 78366, "-19.14409748252363": 95}