{"-23.911025786832315": 3782933, "-11.955512893416158": 469211, "-20.92214756347828": 5665124, "-17.933269340124237": 3570415, "-26.899904010186354": 315862, "-14.944391116770198": 1415748, "-5.977756446708079": 35675, "-8.966634670062119": 134470, "-2.9888782233540394": 9015, "-29.88878223354039": 228, "-0.0": 1319}