{"-6.106951477694302": 918780, "-14.249553447953373": 617739, "-10.178252462823837": 1749588, "-2.0356504925647676": 222423, "-12.213902955388605": 1412287, "-8.14260197025907": 1465318, "-4.071300985129535": 503871, "-16.28520394051814": 99499, "-0.0": 77734, "-18.320854433082907": 2757, "-20.356504925647673": 4}