{"-23.618309333508556": 1044055, "-20.994052740896493": 2442864, "-18.369796148284433": 1931238, "-15.745539555672371": 881327, "-13.12128296306031": 320849, "-10.497026370448246": 100374, "-26.242565926120616": 41926, "-7.872769777836185": 27957, "-5.248513185224123": 7243, "-2.6242565926120616": 1872, "-0.0": 294, "-28.866822518732675": 1}