{"-6.91153914367143": 102734, "-3.455769571835715": 115493, "-4.60769276244762": 133870, "-5.759615953059525": 127797, "-2.30384638122381": 108459, "-8.063462334283335": 63876, "-10.367308715507143": 7257, "-9.21538552489524": 28341, "-1.151923190611905": 76059, "-0.0": 35177, "-11.519231906119048": 932, "-12.671155096730951": 5}