{"-11.525735115776381": 1133591, "-13.830882138931658": 1739572, "-16.136029162086935": 1733285, "-9.220588092621105": 567878, "-18.441176185242213": 786756, "-20.74632320839749": 84094, "-6.915441069465828": 237269, "-2.305147023155276": 30661, "-4.610294046310552": 89154, "-0.0": 7193, "-23.051470231552766": 560}