{"-9.677903760473425": 1907615, "-11.61348451256811": 1766973, "-5.806742256284055": 889616, "-13.549065264662795": 996852, "-7.74232300837874": 1482584, "-3.87116150418937": 479355, "-15.48464601675748": 263757, "-1.935580752094685": 206884, "-0.0": 75014, "-17.420226768852167": 21138, "-19.35580752094685": 212}