{"-22.420897245849247": 3014731, "-28.826867887520457": 5489791, "-25.623882566684852": 5637023, "-32.02985320835606": 1444487, "-19.21791192501364": 1207789, "-16.014926604178033": 404556, "-9.608955962506819": 33731, "-12.811941283342426": 121553, "-35.23283852919167": 25352, "-6.405970641671213": 8530, "-3.2029853208356065": 2134, "-0.0": 323}