{"-1.9567282976621274": 176503, "-9.783641488310636": 1882107, "-7.82691319064851": 1374543, "-11.740369785972764": 1940340, "-13.697098083634891": 1327110, "-17.610554678959147": 73227, "-15.65382638129702": 493064, "-5.870184892986382": 795328, "-3.913456595324255": 418999, "-0.0": 66124, "-19.56728297662127": 2649, "-21.5240112742834": 6}