{"-25.83720218652763": 328794, "-21.139529061704426": 2938306, "-16.441855936881222": 831581, "-18.790692499292824": 1870452, "-23.488365624116028": 2123468, "-11.744182812058016": 96075, "-14.09301937446962": 301093, "-7.046509687234809": 7520, "-9.395346249646412": 27958, "-28.186038748939232": 2259, "-4.697673124823206": 1896, "-2.348836562411603": 504, "-0.0": 94}