{"-23.067557309145865": 174886, "-18.454045847316692": 2091435, "-16.147290116402104": 2122634, "-13.840534385487517": 1444644, "-11.53377865457293": 765295, "-20.760801578231277": 1065063, "-9.227022923658344": 341700, "-6.920267192743758": 132979, "-4.613511461829172": 47908, "-0.0": 4087, "-2.306755730914586": 15932, "-25.374313040060454": 3434, "-27.68106877097504": 3}