{"-9.677275999478224": 58246, "-6.04829749967389": 153875, "-4.838637999739112": 153600, "-3.628978499804334": 127438, "-7.257956999608668": 136809, "-2.419318999869556": 118502, "-8.467616499543446": 99951, "-10.886935499413001": 24343, "-1.209659499934778": 78992, "-12.096594999347777": 6809, "-0.0": 40349, "-13.306254499282554": 1022, "-14.515913999217332": 64}