{"-14.112102720057374": 1621121, "-12.096088045763464": 2049657, "-4.032029348587821": 363001, "-10.080073371469553": 1821815, "-8.064058697175643": 1261989, "-18.144132068645195": 178644, "-16.128117394351285": 776780, "-6.048044022881732": 705338, "-2.0160146742939107": 150163, "-0.0": 57527, "-20.160146742939105": 13755, "-22.176161417233015": 209, "-24.192176091526925": 1}