{"-26.493983655231435": 1173957, "-33.11747956903929": 3036715, "-29.805731612135364": 2352716, "-36.42922752594322": 1570090, "-19.870487741423577": 155585, "-23.18223569832751": 458876, "-39.74097548284715": 135446, "-16.55873978451965": 47875, "-13.246991827615718": 13610, "-9.935243870711789": 3629, "-6.623495913807859": 879, "-3.3117479569039294": 248, "-43.05272343975108": 335, "-0.0": 39}