{"-24.15314870725663": 597298, "-16.90720409507964": 1925353, "-14.491889224353976": 1162090, "-19.3225189658053": 2349890, "-21.737833836530964": 1761116, "-12.076574353628311": 574133, "-7.245944612176987": 93303, "-9.661259482902649": 246848, "-26.568463577982293": 53028, "-4.830629741451324": 33003, "-2.415314870725662": 10766, "-0.0": 2737, "-28.983778448707955": 434, "-31.399093319433618": 1}