{"-18.16085031826914": 96315, "-22.701062897836422": 32161, "-20.43095660805278": 77198, "-11.350531448918213": 25848, "-15.890744028485498": 79455, "-13.620637738701856": 49551, "-6.810318869350927": 4501, "-24.971169187620063": 4866, "-9.08042515913457": 11456, "-4.540212579567285": 1747, "-2.2701062897836426": 595, "-27.241275477403704": 149, "-0.0": 158}