{"-8.889220241951296": 277, "-6.666915181463471": 199, "-11.11152530243912": 288, "-2.222305060487824": 89, "-13.333830362926943": 154, "-4.444610120975648": 148, "-15.556135423414768": 75, "-0.0": 52, "-17.778440483902592": 16, "-20.000745544390416": 2}