{"0.0": 1827230, "0.000525279054497702": 22845, "0.00012125411397886714": 57730, "0.00927883486023021": 8514, "0.0641616448068061": 2821, "0.5383720930232558": 860}