{"-20.373230122612018": 2215229, "-18.109537886766237": 2251829, "-15.845845650920456": 1579700, "-6.7910767075373375": 62156, "-13.582153415074677": 872441, "-22.6369223584578": 1213462, "-24.900614594303576": 258314, "-11.318461179228896": 406818, "-9.054768943383117": 168033, "-27.164306830149357": 11363, "-4.527384471691558": 21709, "-2.263692235845779": 7097, "-0.0": 1822, "-29.427999065995138": 27}