{"-20.02760737626927": 7738, "-14.01932516338849": 73802, "-16.022085901015416": 62869, "-10.013803688134637": 39874, "-18.024846638642344": 32435, "-4.005521475253855": 4193, "-12.016564425761564": 60726, "-8.01104295050771": 21211, "-6.008282212880783": 9728, "-2.0027607376269274": 1550, "-22.0303681138962": 569, "-0.0": 495, "-24.033128851523124": 10}