{"0.0": 815169, "0.0005574136008918618": 7176, "0.00429352068696331": 2562, "0.06444188722669736": 869, "0.48214285714285715": 224}