{"0.0": 1283524, "0.0625": 80, "0.013262599469496022": 377, "0.47368421052631576": 19}