{"0.0": 643361, "0.00032030749519538755": 3122, "0.007366482504604052": 1086, "0.058997050147492625": 339, "0.5108695652173914": 92}