{"-3.218875824868201": 93, "-6.437751649736402": 203, "-8.047189562170503": 276, "-4.8283137373023015": 137, "-11.266065387038704": 139, "-9.656627474604603": 230, "-12.875503299472804": 45, "-0.0": 33, "-1.6094379124341005": 33, "-14.484941211906905": 10, "-16.094379124341007": 1}