{"-3.6936685991527467": 310215, "-9.234171497881867": 1709778, "-11.08100579745824": 2073122, "-12.927840097034613": 1847354, "-14.774674396610987": 1072003, "-16.621508696187362": 341657, "-1.8468342995763734": 125354, "-7.387337198305493": 1130197, "-5.54050289872912": 614026, "-0.0": 49431, "-18.468342995763734": 45188, "-20.315177295340106": 1664, "-22.162011594916475": 11}