{"0.0": 781453, "7.460459564309162e-05": 13404, "0.5067567567567568": 148, "0.00041946308724832214": 4768, "0.051330798479087454": 526, "0.007647058823529412": 1700}