{"0.017668391277017553": 310215, "3.041330511914412e-05": 1709778, "8.200192752766118e-06": 2073122, "5.413147669585797e-07": 1847354, "9.328332103548218e-07": 1072003, "0.0": 388520, "0.08268583371890806": 125354, "0.0003141045322187194": 1130197, "0.001421763899248566": 614026, "0.49804778377940967": 49431}