{"-6.679636498908408": 223, "-10.01945474836261": 91, "-1.669909124727102": 143, "-3.339818249454204": 281, "-8.349545623635509": 179, "-5.009727374181305": 264, "-0.0": 88, "-13.359272997816817": 4, "-11.689363873089713": 27}