{"-8.213981042910907": 69264, "-7.301316482587473": 40071, "-10.039310163557777": 44863, "-9.126645603234342": 79742, "-4.56332280161717": 2679, "-6.388651922264039": 18460, "-5.4759873619406045": 7549, "-10.951974723881213": 7096, "-3.6506582412937365": 854, "-2.7379936809703023": 235, "-11.864639284204646": 93, "-0.9126645603234341": 12, "-1.8253291206468683": 79, "-0.0": 3}