{"0.03225806451612903": 93, "0.0": 1041, "0.45454545454545453": 33, "0.18181818181818182": 33}