{"-24.708212113046518": 2793603, "-27.179033324351167": 2889037, "-19.766569690437215": 670711, "-17.295748479132566": 243222, "-22.23739090174187": 1581726, "-29.64985453565582": 1033317, "-9.883284845218608": 6624, "-12.35410605652326": 23675, "-14.824927267827913": 79366, "-32.12067574696047": 46455, "-7.412463633913956": 1695, "-4.941642422609304": 422, "-2.470821211304652": 109, "-34.591496958265125": 23, "-0.0": 15}