{"-21.91755256576136": 80263, "-30.13663477792187": 20219, "-24.65724663648153": 95724, "-27.3969407072017": 68257, "-19.17785849504119": 47735, "-16.43816442432102": 23714, "-13.698470353600849": 9988, "-10.958776282880677": 3745, "-32.87632884864204": 1352, "-8.219082212160508": 1417, "-5.479388141440339": 425, "-2.7396940707201693": 120, "-35.616022919362216": 9, "-0.0": 32}