{"0.0": 879875, "0.009900990099009901": 101, "0.043478260869565216": 23}