{"-18.87486972325885": 2000103, "-23.593587154073564": 1849097, "-21.234228438666207": 2402338, "-16.515511007851494": 1248114, "-14.156152292444137": 641558, "-11.79679357703678": 286226, "-25.95294586948092": 705078, "-28.312304584888278": 89302, "-7.078076146222067": 41488, "-9.437434861629423": 114845, "-4.718717430814712": 14234, "-2.359358715407356": 4544, "-0.0": 1268, "-30.671663300295634": 1805}