{"-4.017255894293153": 260047, "-6.025883841439729": 524534, "-16.06902357717261": 1353107, "-14.060395630026035": 1988553, "-12.051767682879458": 2023102, "-10.04313973573288": 1565183, "-8.034511788586306": 992953, "-0.0": 41238, "-18.077651524319187": 550478, "-20.08627947146576": 109035, "-2.0086279471465764": 104024, "-22.094907418612337": 7623, "-24.103535365758912": 123}