{"-17.896281135967214": 101907, "-13.919329772418944": 264513, "-11.930854090644809": 246652, "-9.942378408870674": 181033, "-5.9654270453224045": 56771, "-7.953902727096539": 110748, "-15.907805454193078": 204294, "-0.0": 4424, "-3.9769513635482694": 28146, "-19.884756817741348": 27391, "-1.9884756817741347": 10845, "-21.87323249951548": 3165, "-23.861708181289615": 111}