{"-18.149726175830224": 1621089, "-22.68715771978778": 2227203, "-15.881010403851446": 921301, "-24.95587349176656": 1291081, "-20.418441947809004": 2256108, "-13.612294631872668": 446090, "-27.22458926374534": 327965, "-11.343578859893888": 191404, "-9.07486308791511": 75048, "-29.493305035724116": 22956, "-6.806147315936332": 26576, "-4.537431543957555": 9272, "-2.2687157719787776": 2897, "-0.0": 800, "-31.762020807702896": 210}