{"-18.227122786066523": 955733, "-13.67034208954989": 234384, "-15.948732437808205": 504712, "-22.783903482583153": 1783678, "-27.340684179099785": 587564, "-20.505513134324836": 1499989, "-25.06229383084147": 1402369, "-9.113561393033258": 37045, "-29.6190745273581": 94284, "-11.391951741291575": 97777, "-6.8351710447749445": 12846, "-4.556780696516629": 4412, "-31.897464875616418": 3434, "-2.2783903482583145": 1409, "-0.0": 357, "-34.175855223874734": 7}