{"-16.067339200642163": 1641426, "-10.04208700040135": 1151768, "-12.050504400481621": 1654636, "-8.033669600321081": 680090, "-20.0841740008027": 331778, "-18.075756600722432": 960815, "-14.05892180056189": 1903737, "-6.025252200240811": 342025, "-2.0084174000802704": 64364, "-22.09259140088297": 55482, "-0.0": 26025, "-4.016834800160541": 164412, "-24.101008800963236": 3409, "-26.109426201043505": 33}