{"-2.03905831132342": 54006, "-12.23434986794052": 1575750, "-10.1952915566171": 1050241, "-16.31246649058736": 1829249, "-14.27340817926394": 1932897, "-20.3905831132342": 520099, "-8.15623324529368": 599897, "-18.35152480191078": 1229182, "-6.11717493397026": 296188, "-4.07811662264684": 139228, "-22.42964142455762": 119338, "-24.468699735881035": 11726, "-0.0": 21841, "-26.507758047204454": 356, "-28.546816358527874": 2}