{"-18.013585161414543": 912735, "-24.768679596944995": 2130612, "-22.516981451768178": 2148118, "-27.020377742121816": 1294829, "-13.510188871060906": 202721, "-20.26528330659136": 1563496, "-15.761887016237724": 455193, "-11.258490725884087": 82154, "-29.272075887298634": 377523, "-9.00679258070727": 30546, "-31.52377403247545": 36021, "-4.503396290353635": 3421, "-6.755094435530451": 10642, "-33.77547217765227": 661, "-2.2516981451768174": 1029, "-0.0": 299}