{"-24.252630288986104": 1148117, "-29.103156346783326": 1093785, "-19.402104231188883": 404031, "-16.976841202290274": 191491, "-26.677893317884717": 1360303, "-31.52841937568194": 493118, "-21.827367260087495": 745811, "-33.95368240458055": 94850, "-12.12631514449305": 32499, "-14.551578173391661": 82754, "-9.70105211559444": 12069, "-4.85052605779722": 1400, "-36.37894543347916": 5141, "-7.27578908669583": 4053, "-0.0": 121, "-2.42526302889861": 423, "-38.804208462377765": 34}