{"-25.607250945824653": 488014, "-39.833501471282794": 1394840, "-36.988251366191164": 2124471, "-34.143001261099535": 2107986, "-31.29775115600791": 1560041, "-42.678751576374424": 493379, "-28.45250105091628": 939983, "-22.762000840733023": 228423, "-19.916750735641394": 97247, "-45.524001681466046": 71807, "-14.226250525458138": 14518, "-17.071500630549767": 38792, "-11.38100042036651": 5167, "-48.369251786557676": 2960, "-5.690500210183255": 492, "-8.535750315274882": 1651, "-2.8452501050916275": 157, "-0.0": 53, "-51.214501891649306": 19}