{"-11.06154742572587": 916432, "-16.592321138588805": 1698296, "-14.748729900967826": 1708223, "-12.905138663346849": 1367868, "-18.43591237620978": 1257095, "-20.27950361383076": 633850, "-7.374364950483913": 275376, "-9.21795618810489": 531292, "-1.8435912376209782": 20939, "-22.123094851451736": 194387, "-5.530773712862935": 126371, "-3.6871824752419564": 57387, "-23.966686089072713": 31381, "-0.0": 8830, "-25.81027732669369": 2229, "-27.653868564314667": 44}