{"-11.942305548058776": 41855, "-9.951921290048979": 23015, "-15.923074064078367": 92752, "-17.913458322088164": 105703, "-19.903842580097958": 93523, "-13.932689806068572": 67002, "-7.961537032039184": 11599, "-23.88461109611755": 27082, "-21.894226838107752": 61076, "-27.865379612137136": 961, "-25.874995354127343": 6948, "-5.971152774029388": 4991, "-3.980768516019592": 2224, "-1.990384258009796": 862, "-0.0": 351, "-29.85576387014693": 54, "-31.846148128156724": 2}