{"-14.744799692219372": 1915374, "-8.846879815331622": 2587936, "-11.795839753775496": 2014218, "-2.948959938443874": 214980, "-5.897919876887748": 590712, "-0.0": 16780}