{"-5.404592934115454": 2546628, "-10.809185868230909": 3939824, "-2.702296467057727": 1206519, "-13.511482335288637": 2103111, "-8.106889401173182": 6753436, "-0.0": 150482}