{"-7.491109651860213": 117539, "-4.994073101240142": 58304, "-9.988146202480284": 203559, "-12.485182753100355": 82722, "-2.497036550620071": 21276, "-14.982219303720427": 13111, "-0.0": 3489}