{"-11.40224871427762": 4691787, "-14.252810892847027": 3062471, "-8.551686535708216": 1537133, "-17.10337307141643": 1052624, "-5.70112435713881": 543336, "-2.850562178569405": 137784, "-0.0": 14865}