{"0.0": 9157451, "2.0079474560309706e-06": 996042, "1.1029127926854823e-05": 272007, "0.0014028993252722293": 44907, "0.041387773315484155": 8964, "0.46899841017488075": 629}