{"-4.245923254463293": 1018006, "-10.614808136158233": 1214966, "-8.491846508926587": 1949122, "-2.1229616272316467": 504618, "-6.368884881694941": 1694989, "-0.0": 133790, "-12.737769763389881": 152383, "-14.860731390621527": 2126}