{"2.1441641640697266e-07": 4663822, "6.001824554664618e-05": 666464, "0.0": 3892044, "6.9655867863890295e-06": 1866318, "0.002386858531769587": 160043, "0.05993561037011934": 41311, "0.49226069246435844": 4910, "3.7982087647465455e-06": 263282, "6.426804057455628e-05": 93359, "0.0022989522083204385": 22619, "0.05696636925188744": 5828}