{"-12.400281056898574": 219780, "-15.500351321123219": 467437, "-21.700491849572508": 24037, "-18.600421585347863": 214119, "-9.30021079267393": 84951, "-6.200140528449287": 22665, "-0.0": 727, "-3.1000702642246436": 6284}