{"-9.666635455582957": 182096, "-12.083294319478698": 198770, "-14.499953183374437": 46397, "-4.833317727791479": 44276, "-7.249976591687218": 106944, "-2.4166588638957394": 16813, "-16.916612047270178": 1692, "-0.0": 3012}