{"-5.856005054357152": 53682, "-9.760008423928587": 19194, "-7.808006739142869": 46333, "-3.9040033695714347": 43608, "-1.9520016847857173": 26548, "-0.0": 9053, "-11.712010108714304": 1573, "-13.664011793500022": 9}