{"0.0": 4893186, "0.0003440564252537416": 5813, "0.03125": 960, "0.3902439024390244": 41}