{"9.1000091000091e-06": 219780, "0.0": 705593, "2.354298360231192e-05": 84951, "0.002911978821972204": 22665, "0.48693259972489683": 727, "0.05919796308084023": 6284}