{"-5.192247274476654": 81747, "-8.65374545746109": 20718, "-1.7307490914922181": 49831, "-3.4614981829844362": 76019, "-6.9229963659688725": 60672, "-0.0": 19701, "-10.384494548953308": 1307, "-12.115243640445525": 5}