{"0.0": 9103353, "3.206970473669539e-05": 405367, "2.2127320602748214e-06": 1355790, "0.05041109043989678": 16663, "0.0014851357284913604": 77434, "0.4745154343144293": 1393}