{"8.786574114752658e-05": 182096, "5.030940282738844e-06": 198770, "0.0": 48089, "0.008424428584334629": 44276, "0.0003833782166367445": 106944, "0.08130613215963838": 16813, "0.48705179282868527": 3012}