{"-8.193017000820367": 37924, "-1.6386034001640735": 10284, "-6.554413600656294": 47924, "-4.915810200492221": 35914, "-3.277206800328147": 21441, "-9.831620400984441": 12834, "-11.470223801148515": 645, "-0.0": 3034}