{"-13.367267241571703": 16873, "-8.911511494381134": 5051, "-6.683633620785851": 1552, "-11.139389367976419": 11041, "-4.455755747190567": 409, "-15.595145115166988": 4787, "-17.82302298876227": 149, "-2.2278778735952836": 120, "-0.0": 18}