{"-16.720153628266527": 1063890, "-11.942966877333232": 2804506, "-14.33156025279988": 2753745, "-7.165780126399939": 784409, "-9.554373501866586": 1695012, "-4.777186750933293": 309555, "-2.3885933754666464": 111071, "-0.0": 24082, "-19.108747003733175": 53701, "-21.497340379199823": 29}