{"-5.099992515569656": 165317, "-2.549996257784828": 140581, "-7.649988773354484": 96660, "-6.37499064446207": 145717, "-3.824994386677242": 150333, "-0.0": 42043, "-8.9249869022469": 42958, "-1.274998128892414": 104650, "-10.199985031139311": 11275, "-11.474983160031725": 466}