{"-6.109116055232625": 2759494, "-4.07274403682175": 1592287, "-12.21823211046525": 1925359, "-10.181860092054373": 3813031, "-2.036372018410875": 739810, "-8.1454880736435": 3944438, "-14.254604128876124": 315153, "-0.0": 234805, "-16.290976147287": 5623}