{"-17.642660449356267": 4925104, "-11.761773632904177": 882921, "-20.583103857582312": 4969700, "-23.523547265808354": 795714, "-14.702217041130222": 2561295, "-8.821330224678132": 268262, "-5.880886816452088": 71528, "-2.940443408226044": 18839, "-26.463990674034395": 4114, "-0.0": 2523}