{"0.5830536912751678": 2384, "0.00014257708073427196": 56110, "0.015308151093439365": 15090, "0.0035244075349402473": 24685, "0.0": 1731}