{"0.5624866892639131": 389723, "0.0": 1495, "0.011005578279719219": 1371032, "0.03273915058596767": 1359290, "0.0007729435603214716": 878460}