{"0.0": 1827, "0.5695886996260906": 2407, "0.014410364886303543": 15128, "0.00017789162841996654": 56214, "0.004339993449066492": 24424}