{"0.0": 199, "0.0004987460504130241": 352885, "0.0003307972213033411": 3023, "0.008274608146592909": 323399, "0.5615231234321734": 62188, "0.02626729537834971": 258306}