{"0.037162162162162164": 296, "0.4883720930232558": 172, "0.0": 115, "0.045563549160671464": 417}