{"0.015236909001855025": 451207, "0.004112908809749117": 649905, "0.5715070345177236": 71007, "0.00018041034271911078": 825895, "0.0": 1986}