{"0.5700365408038977": 1642, "0.05114200595829196": 4028, "0.017792421746293245": 3035, "0.0023166023166023165": 1295}