{"0.0157050642177414": 15027, "0.5374264087468461": 2378, "0.0": 1847, "0.004150559511698881": 24575, "0.00014241717551136666": 56173}