{"0.00010471021448142266": 57301, "0.0005743825387708214": 1741, "0.0": 300, "0.5888501742160279": 2296, "0.012877319302132373": 14444, "0.0051425704490342": 23918}