{"0.00042657881110607325": 372733, "0.563742730786642": 57434, "0.025278933682733408": 247281, "0.00028042624789680314": 3566, "0.0": 270, "0.008076155574241645": 318716}