{"0.05139720558882235": 4008, "0.021395655036208033": 3038, "0.001644736842105263": 1216, "0.5449308755760369": 1736, "0.0": 2}