{"0.06229160452089755": 150855, "0.11958152370192708": 431948, "0.5294021958110912": 399579, "0.009593551316984559": 17616, "0.0": 2}