{"0.00025168672792314086": 6559742, "0.006243730853688291": 4131344, "0.566563961361536": 576731, "0.0": 503335, "5.81065965513735e-06": 344195, "0.020805275365875897": 2884653}