{"0.024220305242203054": 3014, "0.5574516496018203": 1758, "0.0528798411122145": 4028, "0.0": 1200}