{"0.015375025971327654": 14439, "0.0": 1880, "0.0040692604741934145": 24083, "0.5696091348265261": 2277, "0.00013956490640428464": 57321}