{"0.016320979258755527": 2941, "0.0007674597083653108": 1303, "0.055723651033787194": 3966, "0.0": 2, "0.5469798657718121": 1788}