{"0.5673765024664768": 57572, "0.008017426176408559": 317683, "0.0254531728185604": 246374, "0.0": 4059, "0.00046752441813246705": 374312}