{"0.0": 5354, "0.0009440979573153288": 1223390, "0.5593904078888391": 493051, "0.01260823405637158": 1669068, "0.03512255326923686": 1609137}