{"0.5735799178773795": 92301, "0.0": 4160, "0.003762291577597264": 935600, "0.014358967772594022": 622886, "0.00013308025780396757": 1345053}