{"0.0166828861393021": 14386, "0.0": 2031, "0.0047124567329746864": 23979, "0.5587219343696027": 2316, "0.0001745566261695294": 57288}