{"0.0": 302, "0.006920449067702475": 715705, "0.5662359706756025": 136678, "0.00041804141735575127": 511911, "0.022713108510490965": 635404}