{"0.5629586547836946": 58459, "0.00044965239446631376": 371398, "0.008185401863057724": 318616, "0.0008635578583765112": 3474, "0.02553713538555909": 247796, "0.0": 257}