{"0.0047826951575337924": 8900630, "0.017080940492825738": 5633472, "0.00015795897693848872": 18023667, "0.5705897317418865": 963065, "4.994541679450315e-05": 420459, "0.0": 58707}