{"0.05827391197442833": 4067, "0.017652827721477606": 3059, "0.0": 3, "0.5593939393939394": 1650, "0.004095004095004095": 1221}