{"0.010811666339205798": 183228, "3.9031498419224316e-05": 76861, "0.5820373608171528": 21734, "4.6658890184969174e-05": 1350225, "0.0026004311924752005": 346481, "0.0": 21471}