{"0.5522959183673469": 2352, "0.0": 1837, "0.00405038681194054": 24689, "0.00021430484864720065": 55995, "0.017452237720631984": 15127}