{"8.911544014115886e-05": 56107, "0.0": 1824, "0.5829268292682926": 2460, "0.004552105348723785": 24604, "0.015128290569810063": 15005}