{"0.00391677897574124": 23744, "0.0": 2020, "0.015253288553036664": 14292, "0.00019074372713242816": 57669, "0.5727472527472528": 2275}