{"0.0003489391037544634": 3295704, "0.007041598062737488": 2460379, "0.0": 3456, "0.5672830165530075": 391228, "0.00010000250006250156": 39999, "0.02302521398558727": 1809234}