{"0.049061326658322905": 3995, "0.001594896331738437": 1254, "0.5628287551139685": 1711, "0.0": 2, "0.021395655036208033": 3038}