{"0.027716376629972124": 273701, "0.5611954728999602": 70332, "0.0008406893652795292": 2379, "0.0": 125, "0.009535687929593872": 327926, "0.0005990102507549065": 325537}