{"0.06419765330386386": 423489, "0.02682544930084538": 275261, "0.0027612867596299878": 86916, "0.5438210008494432": 214258, "0.0": 76}