{"0.015392745849607892": 658492, "0.5707002106340676": 101598, "0.00015450326025407551": 1275054, "0.0003081664098613251": 3245, "0.0": 105, "0.00412373921743598": 961506}