{"0.5551515151515152": 2475, "0.0001252661906551422": 55881, "0.004211549364218028": 24694, "0.01624298448332783": 15145, "0.0": 1805}