{"0.0": 8, "0.5547589472764207": 377573, "0.018021322816272337": 558838, "0.0018157347753028216": 125569, "0.04818168637501439": 938012}