{"0.02944079994904783": 314020, "0.000605930995152552": 336672, "0.010249980753791504": 363708, "0.0": 2167, "0.5588795800222933": 83433}