{"0.017507709835196134": 509090, "0.0": 1119, "0.00025530131799305413": 720717, "0.572478896251248": 88136, "0.004960804067330652": 680938}