{"0.0": 3483, "0.008377103205787252": 321949, "0.0004441384823788057": 360248, "0.026258818333458205": 253591, "0.5603912463567653": 60729}