{"0.04152163313162516": 354803, "0.0": 558, "0.015414299235219467": 328591, "0.0012862870391020886": 192803, "0.5560631262931559": 123245}