{"0.0": 15822, "0.024969652643394433": 984435, "0.00040805685592192514": 1499791, "0.00796111774690388": 1272560, "0.5626319307627358": 227392}