{"0.002369668246445498": 1266, "0.05155935613682092": 3976, "0.5305539691604797": 1751, "0.021970705725699067": 3004, "0.0": 3}