{"0.536571747627024": 1791, "0.023263327948303717": 3095, "0.05745992601726264": 4055, "0.0018885741265344666": 1059}