{"0.025132729842252014": 26181, "0.00925209641984095": 32317, "0.0": 280, "0.0003745750014406731": 34706, "0.5573971761817066": 6516}