{"0.0": 1773, "0.5660300690776108": 2461, "0.00017823723375813208": 56105, "0.004235907461713913": 24552, "0.014494672049771659": 15109}