{"0.022273936170212765": 3008, "0.5263761467889908": 1744, "0.057186234817813764": 3952, "0.0": 1, "0.0007722007722007722": 1295}