{"0.014011979828431179": 506852, "9.57343171369769e-05": 2433819, "0.5754851246681446": 73074, "3.3845529005618355e-05": 88638, "0.0": 17176, "0.003489160545681085": 880441}