{"0.025391934608384688": 250552, "0.008485314960999465": 319611, "0.0": 3662, "0.0004440412658717511": 367083, "0.5644249644621946": 59092}