{"0.013669650122050448": 12290, "0.003287189221723228": 21599, "0.0": 2836, "0.0001298827807903367": 61594, "0.5693039857227841": 1681}