{"0.0007961783439490446": 1256, "0.5423529411764706": 1700, "0.023553162853297442": 2972, "0.0": 5, "0.04991394148020654": 4067}