{"0.0": 594, "0.020244444639703364": 569045, "0.5689575163101337": 109901, "0.005877632955573261": 705386, "0.0003105317408962174": 615074}