{"0.0023790642347343376": 1261, "0.0": 1, "0.5595307917888563": 1705, "0.05083497053045186": 4072, "0.02127659574468085": 2961}