{"0.010391014475343864": 33298, "0.029790971368347092": 28465, "0.5603820489336648": 7643, "0.0": 199, "0.0006251028129626583": 30395}