{"0.5625350532809871": 1783, "0.0": 1, "0.01873536299765808": 2989, "0.05506172839506173": 4050, "0.002548853016142736": 1177}