{"0.014688159084061464": 13276, "0.003844963981084545": 22627, "0.0": 2458, "6.69545713233571e-05": 59742, "0.5782814971006853": 1897}