{"0.013681241184767278": 14180, "0.5823824737562757": 2191, "0.00013842027857081062": 57795, "0.0": 1972, "0.0037297795658368955": 23862}