{"0.0": 2083, "0.5797872340425532": 2068, "6.817097279978186e-05": 58676, "0.0036422847838196853": 23337, "0.0132986412257878": 13836}