{"0.5403271291596164": 1773, "0.0017331022530329288": 1154, "0.0": 2, "0.05800348518795121": 4017, "0.024885396201702686": 3054}