{"0.5391304347826087": 1725, "0.0": 2, "0.05565174375463765": 4043, "0.02257412398921833": 2968, "0.000792393026941363": 1262}