{"0.022804411304939525": 489379, "0.0022739643181130934": 82675, "0.057624035020200005": 971782, "0.551050830514531": 456163, "0.0": 1}