{"0.0": 1846, "0.5772428884026258": 2285, "0.00010653787421428317": 56318, "0.004341651450598499": 24645, "0.015228766939487454": 14906}