{"0.0": 1445, "0.007959203186449037": 1589732, "0.0004032888310865273": 1874587, "0.024902749663372033": 1230587, "0.5656435442399446": 285466, "5.49964252323599e-05": 18183}