{"0.0016181229773462784": 1236, "0.0": 2, "0.051169966572383645": 3889, "0.5375146541617819": 1706, "0.023997473950110516": 3167}