{"0.0": 1620, "0.004056956487152971": 25142, "0.551094890510949": 2466, "9.086778736937755e-05": 55025, "0.01676509811392646": 15747}