{"0.011268512556342562": 1667922, "0.559798964867244": 433954, "0.0": 7481, "0.0007422400191320021": 1371524, "0.03230227520029701": 1519119}