{"0.00010698619878035734": 56082, "0.0": 1785, "0.013224554246989933": 15199, "0.5725604670558799": 2398, "0.00476850342354092": 24536}