{"0.00019137424102715775": 57479, "0.5750883392226148": 2264, "0.0049905138991998685": 24246, "0.016429587482219062": 14060, "0.0": 1951}