{"0.5601278922614144": 253651, "0.03496785291128125": 831335, "0.011783195201025954": 667476, "0.0011070170335175668": 247512, "0.0": 26}