{"0.6666666666666666": 21, "0.010810810810810811": 185, "0.0": 794}