{"0.125": 24, "0.525035765379113": 699, "0.26714801444043323": 277}