{"0.0": 3051, "0.0025361278591252753": 20898, "0.5858024691358025": 1620, "7.973845785822502e-05": 62705, "0.012792085962817671": 11726}