{"0.008288374460563448": 715098, "0.5673640217184226": 167968, "0.0005394873425190687": 415209, "0.02654891223008867": 701573, "0.0": 152}