{"0.0": 1193, "0.054856567689984904": 3974, "0.5777653003930376": 1781, "0.02162516382699869": 3052}