{"7.511454968827462e-05": 13313, "0.0": 861, "0.027056230670495535": 1329897, "0.0005053608347122156": 1695818, "0.009027197025237101": 1628634, "0.562542800857978": 331477}