{"0.030189569690751487": 767053, "0.0": 63, "0.009733747900360959": 699525, "0.000771798719794187": 326510, "0.5614868817349854": 206849}