{"0.01351159152325416": 14062, "0.0": 1986, "0.00012130874809371967": 57704, "0.003609059985065959": 24106, "0.5835667600373483": 2142}