{"0.019758874748827863": 2986, "0.0008431703204047217": 1186, "0.5346756152125279": 1788, "0.05272277227722772": 4040}