{"0.025056758122143072": 985762, "0.0": 15800, "0.5633241296885155": 229257, "0.0004259737138164374": 1497745, "0.00797444778974325": 1271436}