{"0.04387990762124711": 433, "0.49142857142857144": 175, "0.0": 79, "0.009584664536741214": 313}