{"0.00010565984573662522": 56786, "0.015583889900829791": 14823, "0.0": 1875, "0.003711952487008166": 24246, "0.5731277533039647": 2270}