{"0.0": 5362, "0.0034566897112647418": 909830, "0.00010529655821592296": 1415051, "0.013561720921508109": 586430, "0.5781079362031515": 83327}