{"0.003854922279792746": 24125, "0.0": 1972, "0.5881567230632235": 2246, "6.985557360157874e-05": 57261, "0.014656849124756876": 14396}