{"0.5564628348343705": 310452, "0.0": 10, "0.041650182524411515": 889744, "0.0013795013850415512": 180500, "0.015080075053205747": 619294}