{"0.00045717768972874126": 39372, "0.028096142510969938": 15269, "0.5895450145208132": 5165, "0.0": 7525, "0.007774954850163764": 32669}