{"0.00019921641543263165": 60236, "0.0": 1386, "0.008591514923420258": 340103, "0.5777066005407174": 58071, "0.0005383333737083364": 371517, "0.02997859941785674": 168687}