{"0.5797770964534306": 48272, "0.0005548807006493604": 400086, "0.007791772037852851": 321878, "0.026712632555138907": 148806, "0.0": 2260, "0.00016518844189178887": 78698}