{"0.00012802458071949814": 7811, "0.000646235677180424": 40233, "0.007572216509301673": 32091, "0.57589754356498": 4763, "0.0": 219, "0.02654034804810858": 14883}