{"0.008402096006745768": 33206, "0.0004384268214055448": 38775, "0.02892116445741105": 15767, "0.00029073993312981537": 6879, "0.5739463601532567": 5220, "0.0": 153}