{"0.0": 3172, "0.00025158269371325213": 461081, "0.5782781109690951": 30513, "7.628419677508558e-05": 104871, "0.004852064396319413": 286476, "0.020652049838875378": 113887}