{"0.0": 227, "0.5895677472984207": 4812, "0.007452721796105953": 32203, "0.0004248406847432213": 40015, "0.00012642225031605562": 7910, "0.027101732623205015": 14833}