{"0.05512257661219139": 345539, "0.0023765113570731983": 105617, "0.021307094401262314": 359974, "0.5631977415629411": 187032, "0.001632208922742111": 1838}