{"0.02768617752129706": 14556, "0.007851047323506595": 32225, "0.0005215965823004893": 40261, "0.0": 8187, "0.5743030811150702": 4771}