{"0.0": 258, "0.007676529090004973": 32176, "0.5661397670549085": 4808, "0.00012743723716069835": 7847, "0.02649273803119957": 14872, "0.0004245860286220935": 40039}