{"0.0001278935925310142": 7819, "0.0004786255888354284": 39697, "0.007609229258713795": 32592, "0.5741171495030661": 4729, "0.0": 262, "0.02590430172471646": 14901}