{"0.5850970017636684": 15876, "0.0": 28273, "3.468563971158891e-05": 230643, "0.0039012384468358075": 190965, "0.00013245344368271845": 468089, "0.017504610454394293": 66154}