{"0.008685671743648602": 32237, "0.0005017057997190448": 39864, "0.00012909888974954814": 7746, "0.029272836138646795": 15031, "0.5742594484167518": 4895, "0.0": 227}