{"0.58150800336984": 4748, "0.00047281323877068556": 40185, "0.00025342118601115053": 7892, "0.0": 263, "0.007168235367449978": 32086, "0.026035343315796572": 14826}