{"0.007550493928144466": 31786, "0.0": 226, "0.0005208720886970756": 40317, "0.5827175697865353": 4872, "0.026579404300788034": 14974, "0.00012779552715654952": 7825}