{"0.0": 8322, "0.0076795804326788": 32033, "0.02608931354611371": 14757, "0.5808457711442786": 4824, "0.0004492811501597444": 40064}