{"0.0005238083360355192": 40091, "0.5735354362965998": 4882, "0.007882636303919423": 31969, "0.0": 218, "0.029140489239406497": 14962, "0.00012693577050012695": 7878}