{"0.00012748597654258032": 7844, "0.0": 247, "0.007580978635423846": 31922, "0.570896294762989": 4831, "0.02689437235258522": 14873, "0.0005957848223816498": 40283}