{"0.00012732365673542143": 7854, "0.5769469117950836": 4841, "0.02575107296137339": 14912, "0.007154410849819584": 32148, "0.0": 236, "0.0004498987727761254": 40009}