{"0.0": 8010, "0.00729287301636984": 31949, "0.027986718167649253": 14757, "0.5790016501650165": 4848, "0.0003956870115738451": 40436}