{"0.03764242443265639": 254872, "0.00024610336341263333": 12190, "0.0": 35, "0.5742498678827974": 102182, "0.012051639757245542": 394967, "0.0008822755923547427": 235754}