{"0.0063884768148538065": 292558, "0.00012993883593365695": 107743, "0.02429071436636075": 123998, "0.5829338189999197": 37337, "0.0": 4605, "0.00034581415025394287": 433759}