{"0.028664142779881017": 14792, "0.0": 8178, "0.5852202552490737": 4858, "0.0068280765496288405": 31927, "0.00044726052925829295": 40245}