{"0.0": 1748, "0.014098611220913378": 37947, "0.04224294633683712": 25306, "0.5627035830618893": 11052, "0.0011274898734705808": 23947}