{"0.00042474515290825504": 40024, "0.0": 8197, "0.027254237288135592": 14750, "0.00769421692727724": 32232, "0.5770273087346258": 4797}