{"0.00030759766225776686": 6502, "0.0": 16, "0.0014057321431467855": 184957, "0.014760410543004965": 392943, "0.5686631408729074": 128009, "0.04192326817886241": 287573}