{"0.009950193071800324": 357380, "0.0007106461277157887": 339128, "0.5742090346463069": 69156, "0.03212524536793221": 187983, "0.0": 786, "0.00019751135690302193": 45567}