{"0.008557114852039705": 32137, "0.0": 229, "0.0003240117641194357": 40122, "0.026177653555116233": 14669, "0.5687222893994357": 4962, "0.0001268874508311128": 7881}