{"0.0005443658138268917": 40414, "0.00693407960199005": 32160, "0.0": 221, "0.00012740476493820868": 7849, "0.02595084443223946": 14566, "0.5728601252609603": 4790}