{"0.0": 7291, "0.0005106209150326798": 39168, "0.026637498391455412": 15542, "0.5836353232881938": 5243, "0.0081817071681524": 32756}