{"0.0006275166030434555": 38246, "0.0": 171, "0.00927231807951988": 33325, "0.580479765610694": 5461, "0.02935128061319873": 16047, "0.00014814814814814815": 6750}