{"0.02577785553903129": 34293, "0.06223050926465447": 34324, "0.0037593984962406013": 266, "0.5597857838364168": 20540, "0.002741798241467335": 10577}