{"0.0": 2698, "0.007492693642979032": 356881, "0.02679537524467193": 164506, "0.5818685713222849": 53763, "0.00047316843450765815": 445930, "0.0001259546792163329": 87333}