{"0.00012732365673542143": 7854, "0.5783032565857706": 4821, "0.008023136486612558": 32157, "0.0": 252, "0.0004725427775567051": 40208, "0.02923579004623334": 14708}