{"0.0003482413810258196": 40202, "0.00012901561088891756": 7751, "0.008061240431182629": 32005, "0.5675130995566304": 4962, "0.028694597871480532": 14846, "0.0": 234}