{"0.00783168101438916": 32177, "0.02657963797860171": 14861, "0.0002542588354945334": 7866, "0.5720656801135212": 4933, "0.0006011873450063876": 39921, "0.0": 242}