{"0.02642070410162849": 14799, "0.5834873690696242": 4869, "0.0": 228, "0.0003496154230346619": 40044, "0.00012503125781445363": 7998, "0.0073295489988147965": 32062}