{"0.5895978100652769": 4749, "0.00025568908207619537": 7822, "0.027451773910697422": 14826, "0.0": 240, "0.008189064640677543": 32116, "0.000646010882798718": 40247}