{"0.0": 8243, "0.5796652200867948": 4839, "0.0006476522605554863": 40145, "0.026071016362278498": 14729, "0.007396080389464486": 32044}