{"0.0": 34, "0.0007426661715558856": 2693, "0.5797117156172104": 9227, "0.001031294452347084": 28120, "0.03789482971589907": 22668, "0.012614740458425037": 37258}