{"0.0": 8138, "0.5805119735755574": 4844, "0.007952596288788399": 32065, "0.025529307645176663": 14689, "0.00039737730975561295": 40264}