{"0.00012729124236252545": 7856, "0.0005206654600451243": 40333, "0.5748127151245191": 4939, "0.026946714391841698": 14807, "0.00791333019312294": 31845, "0.0": 220}