{"0.025902192242833053": 14825, "0.0": 8058, "0.006770543498423298": 32346, "0.5825789579561457": 4971, "0.0005778894472361809": 39800}