{"0.08153120025321405": 429676, "0.0006714686851422292": 16382, "0.03039422993366741": 345230, "0.00375677481624471": 134690, "0.552273067883161": 273573, "0.0": 449}