{"0.00042170019596656167": 40313, "0.00012648621300278268": 7906, "0.0": 267, "0.007495081352862185": 32021, "0.026683867463335145": 14728, "0.5683105981112277": 4765}