{"0.0005841586787392794": 37661, "0.00016147263038914905": 6193, "0.008377490305201149": 33781, "0.02798721273900718": 16579, "0.0": 146, "0.5774822695035461": 5640}