{"0.0008083989132306784": 284513, "0.009923815355798497": 388661, "0.00020033054539990986": 19967, "0.5748291162009833": 83390, "0.0": 100, "0.03326334451065278": 223369}