{"0.0": 210, "0.00027396577918358195": 40151, "0.026484641638225257": 14650, "0.0002615404733882568": 7647, "0.5745424634998972": 4863, "0.00803596169832815": 32479}