{"0.06344787401065018": 370698, "0.5590275006429528": 225522, "0.0012610340479192938": 793, "0.0031387061403508774": 72960, "0.025622146066836955": 330027}