{"0.026656818639629355": 14893, "0.0": 8122, "0.587667009249743": 4865, "0.0005452968149708762": 40345, "0.008056648308418568": 31775}