{"0.0": 232, "0.5798575788402849": 4915, "0.00042826552462526765": 39695, "0.00012799180852425445": 7813, "0.02724976738003456": 15046, "0.008049784823059538": 32299}