{"0.00027533039647577095": 7264, "0.5781344032096288": 4985, "0.028706562438415555": 15223, "0.0": 196, "0.008091311838542949": 32504, "0.0003264035352013659": 39828}