{"0.024970658160040928": 132916, "0.00012447874525424785": 96402, "0.0": 3446, "0.006619730346237534": 304242, "0.00035347173293668585": 421533, "0.5820168350980439": 41461}