{"0.00029821814657421907": 40239, "0.026321117635148817": 14817, "0.007438197330999781": 31997, "0.5715448809281498": 4913, "0.0": 236, "0.00025647601949217746": 7798}