{"0.07558528428093646": 1495, "0.1425480119015418": 3697, "0.5402420896156297": 4709, "0.0": 99}