{"0.0007231198882904448": 40104, "0.006855718292302898": 32090, "0.5839445802770986": 4908, "0.0": 8120, "0.027608607389362567": 14778}