{"0.6764705882352942": 34, "0.002898550724637681": 690, "0.0": 5722, "0.009478672985781991": 211, "0.0002991325157044571": 3343}