{"0.0002652223374198031": 456221, "0.02158007394434715": 102780, "0.0": 8810, "0.5816049554565702": 28736, "0.0053881996510134035": 260755, "3.5039033483300396e-05": 142698}