{"0.007923295104205204": 32436, "0.02544058149900569": 14583, "0.0": 249, "0.5766196013289037": 4816, "0.0003996203606573755": 40038, "0.0002538715410002539": 7878}