{"0.006772886401852413": 362770, "5.7323836684389286e-05": 69779, "0.0": 1206, "0.0003816015421965774": 455973, "0.5833389153102463": 44787, "0.0363658337613681": 165485}