{"0.0": 233, "0.027177228058285326": 14755, "0.00029798117752228654": 40271, "0.007835333623530874": 32162, "0.0002573671342169605": 7771, "0.5894342762063228": 4808}