{"0.0": 261, "6.468096115908282e-05": 30921, "0.02929968971972203": 194985, "0.008779992518569977": 374260, "0.5768568800261136": 67398, "0.0006954165725897494": 332175}