{"0.5802215189873418": 6320, "0.0": 82, "0.0005635231467132513": 35491, "0.029384302740704124": 18207, "0.010064701653486701": 34775, "0.0001951219512195122": 5125}