{"6.514657980456026e-05": 92100, "0.0002780082156987903": 449627, "0.5819883318032398": 33767, "0.0": 2441, "0.005504305248461934": 299402, "0.021375638945729355": 122663}