{"0.048194067351446455": 316014, "0.0017278228044854003": 144112, "0.0005370569280343716": 3724, "0.5645506093984227": 153430, "0.017613720986744637": 382713, "0.0": 7}