{"0.5759119625025474": 4907, "0.027378964941569283": 14975, "0.00012473493825620557": 8017, "0.0004014754221764986": 39853, "0.008996345234748383": 32013, "0.0": 235}