{"0.0013998472893866124": 188592, "0.04180207937646844": 284316, "0.5704888040408861": 125715, "0.0005706948209444999": 7009, "0.0": 9, "0.014557801394161157": 394359}