{"0.0": 8184, "0.007390314634070286": 32069, "0.0003003980273862868": 39947, "0.02691636461269969": 14898, "0.5785393716850266": 4902}