{"0.00048396017699115044": 376064, "6.503501051399337e-05": 46129, "0.007493413549834879": 353377, "0.5830936253131669": 53885, "0.026339167524635977": 169975, "0.0": 570}