{"0.00040015005627110165": 39985, "0.007912374332878242": 32228, "0.5761094981335545": 4822, "0.0": 8174, "0.026502602934216753": 14791}