{"0.0": 7870, "0.5827013732322197": 4879, "0.00824184272841898": 32517, "0.0255856563277058": 15282, "0.0005322924059616749": 39452}