{"0.0": 8073, "0.008152850385860095": 32136, "0.026884625776817075": 14804, "0.0006483790523690773": 40100, "0.5639451606302435": 4887}