{"0.0": 3607, "0.0009303519296782266": 31171, "0.010206036063151559": 36547, "0.03619010706845598": 20641, "0.5678366940502863": 8034}