{"0.0004700875847394725": 40418, "0.02641765704584041": 14725, "0.007097076754728779": 31985, "0.0": 255, "0.00012807377049180329": 7808, "0.5809939696402578": 4809}