{"0.004605781024035733": 273135, "0.01996193217867255": 105601, "1.6966550445796114e-05": 117879, "0.00022264347781834838": 471606, "0.5856758916249001": 27534, "0.0": 4245}