{"0.0": 4437, "0.03303003208331142": 19013, "0.008885926913251138": 36012, "0.5779816513761468": 7085, "0.0007174244462380056": 33453}