{"0.00034837136387388956": 5741, "0.030561063804969087": 17146, "0.009908827064583273": 34111, "0.0005969825246933681": 36852, "0.5865624480292699": 6013, "0.0": 137}