{"0.0005473045252133244": 40197, "0.027799893842887474": 15072, "0.0": 241, "0.5789029535864979": 4740, "0.007663797977259878": 31838, "0.0002527805864509606": 7912}