{"0.0003625274561235152": 422037, "0.023943016326386686": 141795, "0.00012964003284214164": 69423, "0.0": 1331, "0.006156791305153302": 323870, "0.579891199691893": 41544}