{"0.007838538452042958": 32404, "0.0002514774299006664": 7953, "0.0": 221, "0.5783862876254181": 4784, "0.00045217041800643085": 39808, "0.02784895482130816": 14830}