{"0.027045485589400356": 14642, "0.0": 7989, "0.5916976456009914": 4842, "0.007458298517624485": 32313, "0.0005719401203560949": 40214}