{"0.5653635981504834": 4758, "0.008085000929310452": 32282, "0.00042423637452585345": 40072, "0.026541500641588438": 14807, "0.00012732365673542143": 7854, "0.0": 227}