{"0.0": 8042, "0.0004242575492887447": 40070, "0.029188753942159296": 14903, "0.00734059097978227": 32150, "0.57435367114788": 4835}