{"0.0004242575492887447": 40070, "0.582139848357203": 4748, "0.0": 8093, "0.027447268793942672": 14792, "0.00808124593615506": 32297}