{"0.00043048503705758696": 418133, "0.5763954143957902": 42568, "0.006790657720916007": 307334, "0.025271901209840724": 135803, "8.609093354856066e-05": 92925, "0.0": 3237}