{"0.02781112444977991": 14994, "0.0003875468285751195": 7741, "0.5907583920430999": 4826, "0.000549203654700684": 40058, "0.006973413859660046": 32122, "0.0": 259}