{"0.007983675959660224": 32190560, "1.054973854694009e-05": 3601985, "0.04033551785933437": 22293776, "0.0": 276268, "0.5559657094112219": 9010169, "5.04388765367093e-05": 3429894, "0.1725161430811364": 26001387, "0.001509621287926973": 15748983, "5.887998492672386e-06": 169837, "0.00029049373693328903": 17477141}