{"0.03856547612533533": 11330756, "0.007473472434250648": 9520474, "0.00022176253383262187": 2529733, "0.0": 214463, "4.620820875237836e-05": 735800, "0.0012875024938567765": 5428339, "0.5226786013290493": 5566084, "0.17351567694245376": 11775351}