{"0.0": 43449, "0.0077821352556196426": 9474135, "0.523811150429896": 5415845, "0.00025257620417807095": 2735808, "0.03999676396269286": 11260686, "4.0515765697326976e-05": 888543, "0.0013375336826858756": 5780789, "8.784837370698175e-06": 227665, "0.17505162283751757": 11274080}