{"0.0": 833859, "5.004098025129035e-05": 5435545, "0.0002822284784174885": 17007497, "0.03984157002507604": 22860068, "1.1431537689909667e-05": 3849001, "0.00792788898584447": 29186332, "0.17189512129074963": 22537539, "0.555247399756115": 8713125, "0.0014885204979657597": 18777034}