{"0.023857257417802726": 14964, "0.17101314687801783": 404887, "0.0": 30, "0.5191658952732112": 580119}