{"6.86133022896259e-06": 437233, "0.011261351706413176": 174313, "0.00015616796133496682": 371395, "0.0": 1708, "0.5776822356849717": 15351}