{"0.001104921855354299": 393693, "9.055510278004166e-05": 88344, "0.5626734107594471": 81454, "0.0": 5, "0.027974543188607665": 436504}