{"0.5669320804141286": 144303, "0.0": 228, "0.0008107399194029139": 125811, "0.02389888299727712": 739658}