{"0.572371877706934": 140842, "0.0": 1857, "0.015483259863747312": 1262654, "2.1760195841762575e-05": 1470575, "0.00030931154876105894": 2124072}