{"0.5658715666134064": 52572, "0.0": 50, "6.185439475474733e-06": 161670, "0.021392907185569656": 354697, "0.0005916322321240061": 431011}