{"0.00046175157765122367": 25988, "0.0424964789317365": 541739, "0.002137568025693639": 280225, "0.5567525617247412": 152046, "0.0": 2}