{"0.5685561234670228": 65151, "0.0008342282908867751": 417152, "0.0": 19, "0.024298176371769183": 395256, "4.901079871264969e-05": 122422}