{"0.00040124822590962975": 436139, "0.5731122551988693": 39624, "0.0": 127, "0.017968880054053525": 306363, "4.1332371972977814e-05": 217747}