{"0.5686014038795381": 66245, "0.024173101811090565": 396391, "0.0": 23, "0.0008590817903456484": 416724, "6.632564232239236e-05": 120617}