{"0.0": 585, "0.0005871471592810288": 158393, "0.02081239094315488": 719235, "0.5688620296090716": 121787}