{"1.2932956587685964e-07": 7732184, "0.0047174520127880575": 390677, "0.0": 564590, "2.0811782860648928e-05": 1297342, "0.5782348688966288": 15217}