{"0.0": 19, "0.02327191421494469": 389998, "0.0006892406904808467": 419302, "0.5662766191689472": 63582, "4.720729510066956e-05": 127099}