{"0.0": 1, "0.041026516867282": 538676, "0.0020029152378855087": 286083, "0.00025191636376722926": 27787, "0.5593239879826114": 147453}