{"0.03472510773687272": 505398, "0.5561605179067933": 120485, "0.0016556241279219344": 330389, "0.00011434844257421214": 43726, "0.0": 2}