{"0.023816123104719082": 389652, "0.0007424205288794447": 420247, "3.9508201902715e-05": 126556, "0.0": 22, "0.5665192135132157": 63523}