{"0.0": 23, "0.0007251718108541999": 419211, "2.3612007492877043e-05": 127054, "0.02326106768326338": 389535, "0.5654050516540193": 64177}