{"0.025318023389536634": 734773, "0.0": 185, "0.0009305642524177277": 114984, "0.569839661997361": 150058}