{"0.5710014947683109": 40809, "0.00038721059444845403": 436455, "2.8387585162755488e-05": 211360, "0.018235090018890475": 311268, "0.0": 108}