{"0.0": 61, "0.020431485265089862": 346524, "5.894384419963101e-05": 169653, "0.5691173540545925": 50190, "0.0005789119223566097": 433572}