{"0.02308686579250631": 385284, "0.0007748695081717834": 420716, "0.5681273233452954": 62141, "3.034118664380964e-05": 131834, "0.0": 25}