{"0.5776891797445836": 62956, "0.00026241501331954995": 377265, "0.011724638914555269": 658016, "0.0": 12863}