{"0.040406841655548725": 533672, "0.00209239185906465": 293922, "0.00013205242481265062": 30291, "0.5576540125954332": 142115}