{"0.5716385011021308": 1361, "0.0": 9641202, "0.0019630576269400015": 75902, "3.430002229501449e-06": 291545}