{"0.0005123280369795161": 435268, "2.2257339357653185e-05": 179716, "0.5703765515802649": 47935, "0.0": 65, "0.020129608089823628": 337016}