{"0.023931205435015455": 392124, "0.0008416924713956074": 418205, "0.0": 15, "0.5675435096227631": 65158, "2.4096772638917893e-05": 124498}