{"0.00012124886329190665": 32990, "0.0": 1, "0.03886122741503527": 530220, "0.001830467483456029": 301016, "0.5597578310857092": 135773}