{"8.984380013604919e-05": 77913, "0.03268384192845605": 667394, "0.5613098367483494": 146461, "0.0014375495309533902": 488331, "0.0": 1}