{"0.009057934989679323": 502874, "0.5815540215122813": 37374, "0.00012654223347042075": 426735, "3.0287427688766394e-05": 33017}