{"0.0": 19511, "0.5785760057951632": 143568, "5.775658752755378e-06": 4501651, "0.01126007081491793": 1683826, "0.0001544594412511872": 3651444}