{"0.013907660911270308": 709537, "0.5766014969835032": 79894, "0.00034352784006870556": 314385, "0.0": 6184}