{"0.5687584493979313": 63614, "7.10412275924128e-05": 126687, "0.000764338490038598": 419971, "0.023633200412618745": 389706, "0.0": 22}