{"0.04133280311589463": 538144, "0.002109239729261766": 285885, "0.5552726415412078": 148455, "0.00014536996656490768": 27516}