{"0.0": 2, "0.5616530244879937": 117772, "0.0016255797652603165": 335265, "0.034955053510577344": 500929, "0.00010862009037191519": 46032}