{"0.5780949886502532": 91632, "0.01636738632708282": 687037, "0.00045868353457163326": 228916, "0.0": 2415}