{"0.0030990746302438344": 229746, "0.05013708326950201": 567903, "0.5523846567809931": 187679, "0.0002044711014176663": 14672}