{"4.6898815804900925e-05": 170580, "0.02082587662075256": 346444, "0.5690225503247408": 49578, "0.0005953672123430238": 433346, "0.0": 52}