{"0.0007553065579903669": 424993, "0.5689418538479564": 59746, "0.0": 33, "0.022726122791366522": 375515, "7.873283087472174e-05": 139713}