{"6.255256152739455e-05": 143879, "0.5641666092468821": 58052, "0.0": 30, "0.022578201801743726": 372306, "0.0006224558584840734": 425733}