{"0.002165896907355615": 296413, "0.03969376200643348": 532527, "0.5585824459365066": 140298, "0.00022755347506664067": 30762}