{"0.010919689549827548": 1624222, "0.0": 22210, "5.177284233983046e-06": 4635635, "0.5769367817798497": 134708, "0.00015907457667324826": 3583225}