{"0.0020479065077150475": 289564, "0.5560332394753108": 145610, "3.497481813094572e-05": 28592, "0.04081986595404245": 536234}