{"0.0": 5290, "0.0005581654960695846": 924457, "0.018951065281811647": 3528456, "0.5724930186029085": 541797}