{"0.5123606967225472": 2752717, "0.16925923453498617": 30724043, "0.00025629061532059125": 10308610, "0.007242209454144186": 32718054, "0.04648376914056097": 3806576}