{"0.01872379916157317": 312490, "0.0": 86, "0.00044020139213690263": 436164, "3.334270104457919e-05": 209941, "0.5739732326532588": 41319}