{"0.00871773111302002": 1159476, "0.00010900259913650984": 2954058, "0.5812762821897273": 78713, "0.0": 62787, "2.61098150972521e-06": 5744966}