{"0.020446725309496056": 715518, "0.0006000581874606023": 164984, "0.5717530855888069": 118859, "0.0": 639}