{"0.0": 31, "0.0228963532325113": 380803, "7.410810890927685e-05": 134938, "0.5681496361181546": 60734, "0.0006517211577968047": 423494}