{"0.0017816715150658757": 325537, "0.00014495554696559721": 41392, "0.5590826775809844": 123141, "0.03606573451258016": 509930}