{"0.0": 9385595, "0.5803480040941658": 2931, "6.1243612801548236e-06": 489847, "0.002620843683766722": 131637}