{"0.033101468965614264": 497561, "0.5590684118394512": 112539, "0.0014592501522446026": 348124, "9.656983930778739e-05": 51776}