{"4.7520612065483405e-05": 126261, "0.0007868101149075558": 420686, "0.0": 10, "0.5646212561448697": 63671, "0.023799862342438593": 389372}