{"0.0": 1131922, "1.27764553436694e-07": 7826897, "0.003395893133141974": 226450, "0.5875074537865236": 6708, "1.4850878615106067e-05": 808033}