{"0.0433787238559191": 546443, "0.0": 24347, "0.5545740313061329": 155880, "0.0023524677130208906": 273330}