{"3.9410109481284136e-05": 126871, "0.023606053914142062": 389434, "0.5691782002852709": 63799, "0.0": 15, "0.0007406860515241223": 419881}