{"0.5554208810499038": 167482, "0.000198294665873488": 20172, "0.002612183972385484": 257256, "0.04654560521717199": 555090}