{"0.01989087480915606": 719174, "0.0005654977808496176": 175067, "0.0": 905, "0.5732408100719174": 114854}