{"0.5673907560375812": 63436, "0.023472481731806775": 390159, "0.0": 26, "0.0007824205094056933": 420490, "4.7661034721063796e-05": 125889}