{"0.5550879771495126": 144242, "0.0002038528182652125": 29433, "0.040582145951985685": 534299, "0.002020368049420257": 292026}