{"0.0021106636081424397": 283797, "0.5567411641370469": 149759, "0.04202263227648078": 539495, "0.00014842851311736984": 26949}