{"0.0": 474709, "0.00015838313445879634": 353573, "0.011261786139437036": 158767, "0.5706123079298896": 12951}