{"0.565767499273889": 55088, "0.0": 38, "4.592362245533928e-05": 152427, "0.02194546566938769": 362854, "0.0007006631858526559": 429593}