{"0.041884913554818874": 540863, "0.00022679165406713032": 26456, "0.0021740054102284477": 282428, "0.5536927715253606": 150253}