{"0.0015375353397038252": 338854, "0.0": 2, "8.218952905399852e-05": 48668, "0.03392723738221662": 497948, "0.5591209136630344": 114528}