{"0.5694180059291621": 64090, "0.0": 23, "5.5601448814894834e-05": 125896, "0.02410829273038705": 390571, "0.0007915693099995231": 419420}