{"0.001999682482849007": 296047, "0.00019268441504223": 31139, "0.03875407393263433": 534189, "0.5561118124436429": 138625}