{"5.660298594901628e-07": 7066765, "5.191014354152961e-05": 2003462, "0.5805517362431618": 34183, "0.0": 225478, "0.006136196095636317": 670122}