{"2.50611492040579e-05": 199512, "0.5723985545607292": 43447, "0.0": 81, "0.018671900883274053": 319946, "0.00048053380440901206": 437014}