{"0.0": 481, "0.00025167061350104983": 417212, "9.344746383583149e-06": 321036, "0.014489682617042646": 235961, "0.5774397471355196": 25310}