{"0.0010564080035980628": 95607, "0.5670489342539777": 166550, "0.027741668756396266": 737735, "0.0": 108}