{"5.5032744482967364e-05": 127197, "0.023907393554258215": 389001, "0.0006974961554392798": 420074, "0.5671862001852114": 63711, "0.0": 17}