{"0.0007424187622546687": 420248, "0.5697447824993714": 63632, "0.023293446650493155": 389938, "3.1706021766183946e-05": 126159, "0.0": 23}