{"0.026329865130580478": 9959337, "0.4819798898197637": 5115618, "0.0002674496582196048": 2269586, "0.006509886088047918": 11759960, "0.16579656021009886": 16115461, "0.0002592815506078018": 2881038}