{"0.0018340743897989299": 309693, "0.038131387644518365": 521906, "0.5581057371555938": 132801, "0.00019662921348314607": 35600}