{"0.5499894428267691": 203653, "0.0033185524245458444": 209730, "0.00034494653328734045": 11596, "0.053585869037826445": 575021}