{"0.03370778853674178": 5425037, "0.5598101056951179": 1227209, "0.0014914991661199681": 3795510, "9.960460529007173e-05": 562223, "0.0": 21}