{"0.023420538010255145": 389658, "0.5653492574840889": 63635, "0.0": 24, "5.511724224815357e-05": 127002, "0.0007648666487165252": 419681}