{"3.686771862557145e-05": 189868, "0.0": 61, "0.019823821964903975": 329553, "0.00048727790930195143": 435070, "0.5725004400633691": 45448}