{"0.00025758021783926994": 27176, "0.5548530302011165": 148670, "0.0021787717350051305": 284564, "0.0": 1, "0.04172434945856939": 539589}