{"0.042596419617588435": 544858, "0.0023324920475019588": 276957, "0.00012031763856581375": 24934, "0.5556570593340338": 153251}