{"0.09435541521627457": 556746, "0.008876984886167973": 78405, "0.001890359168241966": 1058, "0.5362144747945936": 363791}