{"0.002296692135051082": 286499, "0.0411586499145045": 538040, "0.553646216203457": 148277, "0.0": 1, "0.00011036309458117205": 27183}