{"0.010230826238634926": 553230, "0.0001788127882698811": 380286, "0.0": 18990, "0.5823051332799932": 47494}