{"0.5746293203785233": 79044, "8.112076448208448e-05": 123273, "0.001424343683708852": 460563, "0.0": 1088, "0.03189874773831064": 336032}