{"0.000281669753336878": 3191681, "0.015074380459895597": 897682, "6.191497835172741e-06": 5006866, "0.5876630778974035": 118425, "1.2859288521284694e-06": 777648, "0.0": 7698}