{"0.0": 24209, "0.0012902134665952853": 3216522, "0.025401283905669442": 6310744, "0.5796862325469011": 1448525}