{"0.038343435755584625": 400564, "0.0": 275, "0.0020239238794343526": 418494, "0.567325070412198": 109001, "8.372170903915385e-05": 71666}