{"0.0": 88, "0.04632077873748947": 459513, "0.0029890868803549788": 355627, "0.5634902786580255": 146739, "0.0003155154734046749": 38033}