{"0.0015289468468504908": 247229, "0.0009208103130755065": 1086, "0.028030100780885005": 599320, "0.5791553178223345": 152365}