{"0.0": 352946, "1.341199789431633e-05": 4175366, "0.00039761825143946184": 3938451, "0.01787035946935583": 1333549, "0.5869957133127679": 199688}