{"0.01838763282005892": 460962, "0.0005936132609604842": 444734, "6.389776357827476e-05": 15650, "0.5859587560708928": 78654}