{"0.0": 71734, "0.0006204895568793262": 2238555, "2.8098025895140664e-05": 1601536, "0.0211651983988787": 930348, "0.5823718375182954": 157827}