{"0.029199544215088327": 607304, "0.0017763444383604168": 231937, "0.5768107604474766": 159919, "0.0": 840}