{"0.039814393638553755": 415503, "0.0021384438935957675": 405435, "0.5670744850538441": 115983, "0.0": 201, "0.00012723050987626834": 62878}