{"0.0": 1627, "0.001470336685264242": 274767, "0.579171514341937": 139242, "0.026492049476011525": 584364}