{"0.16914361728009872": 13913277, "0.0008175509139238613": 4385048, "0.5085024922317866": 5653166, "0.00023852341452544826": 2230389, "0.033272782607473": 11023815, "1.1302148821044602e-05": 353915, "1.7461301390792654e-05": 114539, "0.00690611192199831": 10426851}