{"4.769920149702109e-06": 5450825, "0.5958801792593758": 63595, "0.00019536094208142643": 2354616, "0.0": 1574190, "0.012417964919338905": 556774}