{"5.214821682069705e-05": 172585, "0.0": 2465, "0.5775631403772107": 61292, "0.028513294765630144": 288497, "0.0011785479027108707": 475161}