{"0.5802362349974653": 1376934, "0.00010008340283569641": 29975, "0.024493611294878422": 6200474, "0.001186989277009459": 3392617}