{"0.0": 5665, "0.0009765975231941912": 362483, "0.5823002425932647": 104702, "0.02202978279427108": 527150}