{"0.0011374460175518093": 324411, "0.0": 3444, "0.5790036906587573": 118678, "0.02327871399740183": 553467}