{"0.044358620445576966": 452088, "0.0": 68, "0.0026229076412762255": 364481, "0.5641118035242415": 141534, "0.00023906858877812044": 41829}