{"0.002702702702702703": 370, "0.03245900696713849": 626082, "0.0022101709863872367": 190483, "0.5738999808811078": 183065}