{"0.0": 156808, "0.020937184010596445": 1802869, "0.00061035795035214": 4433464, "0.5830212686211398": 304157, "2.180033197061073e-05": 3302702}