{"0.5508618115372526": 4584471, "0.0078043067884600624": 26848637, "0.17225882197030148": 23573022, "0.0002925154824024075": 11807922, "0.041958586960365724": 9020299, "0.0016759921175278822": 3051327, "1.131284106448178e-05": 1414322}