{"0.000912067450960613": 475842, "0.5773638680930494": 49823, "0.0": 4516, "6.017237069883266e-05": 216046, "0.025633144581968925": 253773}