{"0.009951147521867003": 3138633, "0.0": 1803930, "0.5946205602535294": 310181, "0.00011778934664685542": 15434333, "1.7208460874502968e-06": 52880964, "3.783298846672697e-08": 26431959}