{"0.049212924954383876": 476257, "0.003075438702285473": 331660, "0.00016818028927009755": 29730, "0.5606616967531267": 162310, "0.0": 43}