{"0.00037037103626579693": 556199, "3.109017705855835e-05": 64329, "0.5895488856937455": 44512, "0.013828516837831383": 334960}