{"0.0023478670093656103": 386734, "9.684667234833811e-05": 51628, "0.5633721519777228": 128203, "0.0": 128, "0.04245719547572507": 433307}