{"0.0364895078382849": 385097, "0.0": 430, "8.450228156160216e-05": 82838, "0.0019142090530008247": 430465, "0.568389838885045": 101170}