{"0.5887949459986003": 52869, "2.271178741766977e-05": 44030, "0.014990930083593947": 371558, "0.0004590409430657539": 531543}