{"0.576718792460288": 40479, "0.023970653342609574": 221354, "4.179839494163424e-05": 263168, "0.0": 8060, "0.0008330852638139029": 466939}