{"0.5923462879496556": 58795, "0.0004945840118387383": 511541, "0.0": 34960, "0.015725708378937126": 394704}