{"2.0467896104959373e-05": 146571, "0.0": 16263, "0.17180756501831324": 12743525, "3.0785860396385056e-05": 584684, "0.036636545571079426": 11469149, "0.0010721178182738547": 5057280, "0.5189008853724307": 5759836, "0.0002391655116688687": 2408374, "0.007139054945085977": 9915318}