{"0.0": 163083, "0.17301590247218734": 31092587, "0.5554716995736891": 8784903, "6.106089759519465e-05": 1408430, "0.04089927256424429": 19998742, "0.0015391413059246148": 11119187, "0.00797264779352006": 36948829, "9.78369174767003e-06": 3270749, "0.00028589963318639545": 18513490}