{"0.00812960580184817": 34196, "0.023575369221807217": 29183, "0.0005363188415513022": 29833, "0.0": 86, "0.5690838555655028": 6702}