{"0.02506085227467517": 29169, "0.007877002071359804": 34277, "0.565437239738251": 6724, "0.0005711406013774568": 29765, "0.0": 65}