{"0.5721764155440597": 113278, "0.020665593578892888": 597031, "0.006339782508167131": 268148, "0.00039923701370713746": 22543}