{"0.008546760922470737": 34516, "0.0": 73, "0.5569458268164368": 7033, "0.026005524489658424": 29686, "0.0004182350480970305": 28692}