{"0.00014228574138776026": 63253, "0.5771306341572531": 71528, "0.014521776832428923": 514331, "0.003995576936230364": 350888}