{"0.07780729474863711": 79427, "0.524525251738309": 513430, "0.012318029115341545": 3572, "0.1508904257243459": 403571}