{"0.567956646053594": 150390, "0.008489087883888682": 206147, "0.0007123956849175657": 9826, "0.02673139352657752": 633637}