{"0.5737039819684447": 6655, "0.0004749626815035961": 29476, "0.02602926165362368": 29390, "0.0": 67, "0.00741020574218296": 34412}