{"0.0": 6366, "0.0076045627376425855": 1315, "0.003231763619575254": 2166, "0.5424836601307189": 153}