{"0.5777777777777777": 135, "0.0": 980816, "0.0004419238417912646": 13577, "0.0014619883040935672": 5472}