{"0.013482834270730486": 497299, "0.0036515546645443956": 363133, "0.5811699232486316": 65406, "0.00018877592297942343": 74162}