{"0.0035318666314305847": 363264, "0.013567206710098376": 496565, "0.00019935939182094868": 75241, "0.5773294316956723": 64930}