{"0.5605854836275841": 6627, "0.0": 83, "0.00043520471360182115": 29871, "0.007524672242641739": 34553, "0.026016767130880622": 28866}