{"0.0001738270020190675": 74787, "0.5743425410959959": 64909, "0.0038107222239012234": 363973, "0.013893953833228228": 496331}