{"0.01771201718006561": 304539, "0.0": 39, "0.04769257525335138": 425496, "0.0016268980477223427": 103264, "0.554562154811466": 167662}