{"0.0": 75, "0.5643025309005297": 6796, "0.025920542635658916": 28896, "0.0004368866783169781": 29756, "0.008585433767439163": 34477}