{"0.0008399813137846773": 222624, "0.5646935398392802": 92459, "0.03071146654052536": 338245, "0.0": 317, "0.010450403765600035": 347355}