{"0.0": 671, "0.568172624942463": 71693, "0.02634259259259259": 302400, "0.008063932151743275": 345241, "0.00050178828804783": 280995}