{"0.5650339110776187": 6635, "0.007577744746582729": 34311, "0.02460366481367099": 29142, "0.0006368999731831591": 29832, "0.0": 80}