{"0.01359340699472089": 492886, "0.00015471493772723757": 77562, "0.0037971740052252178": 365535, "0.5802052579783495": 64017}