{"0.0": 69, "0.007259001161440186": 34440, "0.00026867275658248256": 29776, "0.0255729794933655": 29015, "0.565820895522388": 6700}