{"0.0075636363636363635": 34375, "0.025132682759801402": 29205, "0.5638345527848291": 6697, "0.0": 77, "0.0007083586318558996": 29646}