{"0.015279305015511698": 529278, "0.00012734913675478015": 54967, "0.004196683380602587": 338839, "0.5766680534609184": 76916}