{"0.0": 9991931, "0.5882352941176471": 17, "0.00012419274714356682": 8052}