{"0.0": 78, "0.027367417795629383": 29378, "0.5663449939686369": 6632, "0.00043996209557330444": 29548, "0.008730066348504248": 34364}