{"0.0006553652569031807": 251768, "0.5642169148361099": 81396, "0.009202321337450161": 346869, "0.028589612399231287": 320536, "0.0": 431}