{"0.0015446400988569664": 12948, "0.014781391006690524": 32135, "0.0": 5, "0.041698499149764645": 40577, "0.5589117544471573": 14335}