{"0.022620383235134593": 269182, "0.0": 1090, "0.563644251626898": 57625, "0.0003825531838586466": 334594, "0.006891668074036544": 337509}