{"0.0247499226564917": 29091, "0.000606550748079256": 29676, "0.006872451951077461": 34340, "0.5626467136150235": 6816, "0.0": 77}