{"0.0": 1714, "0.00045804029468866117": 622216, "0.024328361371244545": 566376, "0.007547666586216732": 683655, "0.5671906114963517": 127049}