{"0.0076320192561716614": 34067, "0.0": 91, "0.5622208990771063": 6718, "0.02653047233838349": 29174, "0.0006010016694490818": 29950}