{"0.0": 9997447, "0.0007889546351084812": 2535, "0.6111111111111112": 18}