{"0.0001609118337244385": 74575, "0.5779555501170136": 65377, "0.0034774982971013495": 362617, "0.013589824518375412": 497431}