{"0.015427119838311918": 323586, "0.0": 59, "0.5545437177609374": 141327, "0.04224722691719074": 400547, "0.0014425829671105956": 134481}