{"0.0": 89, "0.5649506135887459": 6682, "0.008254854086734102": 34404, "0.00037243947858472997": 29535, "0.024547627176510753": 29290}