{"0.0003038128512836093": 13166, "0.10965343870600716": 260156, "0.013617356149798632": 259228, "0.001440399424704038": 463066, "0.5660290389490666": 4339, "0.0": 45}