{"0.02519241853999254": 29493, "0.5768721494777107": 6797, "0.0": 93, "0.00041283930230157914": 29067, "0.008393632416787264": 34550}