{"0.5771002929443111": 67931, "0.013784346971761797": 504848, "0.0036844768350399897": 357717, "0.000273365561694291": 69504}