{"0.00012863390789812196": 93288, "0.012748949805259792": 470627, "0.5775387999511181": 57281, "0.003194264052121942": 378804}