{"0.5665104014063873": 6826, "0.0": 111, "0.025929364833728808": 29079, "0.00040412204485754696": 29694, "0.00810731991834354": 34290}