{"5.465683025911437e-06": 731839, "0.0": 194409, "0.0008263812372107666": 50824, "0.5646067415730337": 1068, "0.003979871912168344": 21860}