{"0.02449802036199095": 28288, "0.007561269822589661": 33989, "0.569818409517846": 6388, "0.0": 94, "0.00044812906116961686": 31241}