{"0.007402052913112621": 34585, "0.5563083408611864": 6642, "0.0": 74, "0.025336798194624907": 29246, "0.00037347638610667845": 29453}