{"0.566160547917611": 158856, "0.009108710365743396": 193551, "0.027849645700699213": 639290, "0.0004817535830422739": 8303}