{"0.025547070305811444": 29201, "0.008029450982665661": 34498, "0.0": 84, "0.5560172132363852": 6739, "0.0005088540606554041": 29478}