{"0.004750299081120982": 314296, "0.017047945550069356": 556548, "0.572242682253832": 88791, "0.0002477393781741608": 40365}