{"0.014555062650316673": 657778, "0.5595045489092401": 265778, "0.03983824176271221": 786606, "0.0012831936039851247": 290681, "0.0": 157}