{"0.5600761012732328": 6833, "0.0": 62, "0.025542916235780765": 29010, "0.008016963429866094": 34427, "0.0006067143049750573": 29668}