{"0.016017623001728022": 635987, "0.0": 109, "0.0013533339564901102": 246059, "0.043216515461906156": 820080, "0.5563101434237612": 298765}