{"0.00025334684516507545": 74996, "0.0036446720070471": 363270, "0.576579060221773": 65292, "0.013600783173059492": 496442}