{"0.024295099917875717": 29224, "0.0005995603224302178": 30022, "0.007868929473251513": 34058, "0.5657316148597422": 6595, "0.0": 101}