{"0.008162075499198368": 34305, "0.0004698144233027954": 29799, "0.02514301373616963": 29193, "0.5694905034669883": 6634, "0.0": 69}