{"0.0011572610839354657": 102829, "0.5747986191024166": 3476, "0.0": 84183, "9.193626977779004e-06": 761397, "0.006359763067650421": 48115}