{"0.00021889322115055748": 73095, "0.013594077239257768": 498011, "0.5781985500007568": 66069, "0.003759388134775718": 362825}