{"0.0": 75, "0.0003354353951428955": 29812, "0.025186052921719954": 29024, "0.007656168435705586": 34482, "0.5584985621310731": 6607}