{"0.005651443409195051": 32735, "0.5757064529734289": 4742, "0.00021210032345299326": 37718, "0.020301270859555808": 24629, "0.0": 176}