{"0.0": 64, "0.0004312346579977443": 30146, "0.007207626133457335": 34408, "0.024337817223686036": 28844, "0.5605689813398593": 6538}