{"0.007930701908922339": 334901, "7.78836418390924e-05": 231114, "0.5854732996669174": 27921, "0.0017903581701406675": 406064}