{"0.007092817069271242": 34401, "0.02435584299425505": 29069, "0.5602649006622517": 6795, "0.00040431266846361187": 29680, "0.0": 55}