{"0.01363318972369398": 496949, "0.0037006183276834296": 363723, "0.5807415162899551": 64948, "0.00021511158913686476": 74380}