{"0.5635322556685438": 74049, "0.02512247831876483": 320669, "0.007815022415590877": 377862, "0.0004807221242406428": 326592, "0.0": 828}