{"0.024500277623542475": 28816, "0.007881316643486324": 34512, "0.0": 78, "0.5702635794378914": 6867, "0.00033639452349715747": 29727}