{"0.0": 28, "0.02934890581258842": 33221, "0.0007741269568209186": 23252, "0.5611838360842345": 8785, "0.009967160223540935": 34714}