{"0.0005633379652232696": 26627, "0.5589194832311105": 7663, "0.0": 51, "0.027791133762861814": 31197, "0.008908362834426324": 34462}