{"0.5656792339916218": 6684, "0.0004385373094049386": 29644, "0.007310704960835509": 34470, "0.025848752188390375": 29131, "0.0": 71}