{"0.051883791937770346": 440176, "0.5523541850407506": 188218, "0.00231999337144751": 84483, "0.020891846645544224": 289108, "0.0": 15}