{"0.008251016850668216": 34420, "0.0": 84, "0.5695600475624257": 6728, "0.02638121546961326": 28960, "0.0003354804079441761": 29808}