{"0.01073588563822091": 34557, "0.5570532621922681": 10683, "0.03470472991883571": 35730, "0.0008940780477542863": 19014, "0.0": 16}