{"0.0": 88, "0.025588184784475356": 29115, "0.007664275798241555": 34576, "0.5748124172429013": 6797, "0.0004078303425774878": 29424}