{"0.0005991611743559018": 1669, "0.0": 998309, "0.5909090909090909": 22}