{"1.0721905925997406e-05": 93267, "0.0009233388893552216": 83393, "0.0": 47897, "0.005128343545034953": 37049, "1.0762666462574621e-05": 836224, "0.5686635944700461": 2170}