{"0.5887096774193549": 124, "0.0": 982078, "0.00015715857300015716": 12726, "0.0009858044164037854": 5072}