{"0.007752009184845005": 217750, "0.025398842568262674": 627942, "0.0009483576170359513": 11599, "0.5700831762537751": 142709}