{"0.5723344639433712": 6781, "0.02641031781328042": 29231, "0.00749008665002203": 34045, "0.0": 95, "0.0003015277405521308": 29848}