{"0.0005997401126178656": 30013, "0.5613510685996114": 6691, "0.007112542075223181": 34165, "0.0": 77, "0.023473532043780547": 29054}