{"0.5600830844628226": 104472, "0.01151954364213161": 343590, "0.03343436946729118": 356968, "0.0008683526328962625": 195773, "0.0": 197}