{"0.0": 80, "0.0005054248938607723": 29678, "0.008321856594485305": 34127, "0.023001020755358967": 29390, "0.5674349442379182": 6725}