{"0.0": 62, "0.5705300988319856": 6678, "0.02298296920694994": 29065, "0.0004355108877721943": 29850, "0.007570243121269472": 34345}