{"0.00022679451157281994": 79367, "0.0035696821515892423": 368100, "0.013321697116357402": 489277, "0.5776843303402048": 63256}