{"0.026540533438444355": 30444, "0.009269515536640821": 34306, "0.000536135535063264": 27978, "0.5667499306133778": 7206, "0.0": 66}