{"0.5705822857968502": 6921, "0.024380263920619226": 29327, "0.007752841737102886": 34310, "0.0": 82, "0.0006471389645776567": 29360}