{"0.0007408904155721695": 29694, "0.024397797660013765": 29060, "0.0": 82, "0.5608998076069261": 6757, "0.007149707908274479": 34407}