{"0.07688744789254284": 2159, "0.1543025131932503": 320429, "0.5231749658996298": 677412}