{"0.009925167388735723": 38085, "0.5593061814471558": 11761, "0.03419119459646009": 40566, "0.0008685877784590231": 19572, "0.0": 16}