{"0.013178850938063232": 496022, "0.5808342108877799": 65523, "0.003596004805670031": 363737, "0.00020075483819160042": 74718}