{"0.00871991818616998": 367664, "0.0021008763026533653": 408877, "0.00011084309368352713": 189457, "0.5867890124110346": 34002}