{"0.0": 1017, "0.023032783596163876": 274131, "0.0070634027994511805": 339638, "0.0004117578372265959": 325434, "0.5674974907995985": 59780}