{"0.024657440159346133": 29119, "0.008382988666900338": 34236, "0.5697984588026082": 6748, "0.0": 87, "0.0007380073800738007": 29810}