{"0.0": 80, "0.0005411987552428629": 29564, "0.026071146787417242": 29151, "0.5719371106496589": 6742, "0.008298755186721992": 34463}