{"0.013644114831766153": 497284, "0.5744742500724384": 65573, "0.00022987884032886195": 73952, "0.0035270697787114767": 363191}