{"0.5755108311568597": 65090, "0.00015900147076360456": 75471, "0.01344449497246223": 494775, "0.0035731522716802317": 364664}