{"0.5576621947606755": 118145, "0.0365963454264557": 375420, "0.012887232269677048": 337233, "0.0010642926863688215": 170066, "0.0": 136}