{"0.014533053823873742": 509941, "0.0001520357588104722": 65774, "0.5776183644189383": 69700, "0.0036493365483593497": 354585}