{"0.024790262687388254": 29084, "0.0": 88, "0.008083174696148778": 34145, "0.00043391188251001335": 29960, "0.5728097575487133": 6723}