{"0.0004700983848762634": 29781, "0.0": 72, "0.024894284545082527": 29324, "0.559527370625187": 6686, "0.007792131704602045": 34137}