{"0.001205050466285451": 260570, "0.0002724919387801444": 22019, "0.5688293719424816": 101185, "0.0396291897264832": 237426, "0.0": 216, "0.013059188977875452": 378584}