{"0.0004702965005664935": 140337, "0.020623196805978752": 308827, "0.005491083101792308": 470399, "0.5857155302228915": 80353, "0.0": 84}