{"0.01625502157417051": 53768, "1.108848239333804e-05": 270551, "0.00011825715236777098": 456632, "0.5935101768435102": 11988, "0.0034043333435198483": 163615, "0.0": 43446}