{"0.024110461436366727": 358641, "0.006840288111055669": 446911, "0.0": 21, "0.5851361838245036": 105666, "0.0006534401369971046": 88761}