{"0.00110603370492185": 34357, "0.010747743190345696": 369659, "0.5783647516177141": 160257, "0.0": 3, "0.0322887883155392": 435724}