{"0.00012326808342783886": 81124, "0.5785442225542392": 47521, "0.007501089727709189": 318887, "0.0": 2536, "0.02703127133688379": 146460, "0.0005130467541737717": 403472}