{"0.008636772936738214": 339826, "0.0": 1412, "0.5796527933105073": 58121, "0.00011492177110866674": 60911, "0.0006470649830447495": 372451, "0.029860293282480167": 167279}