{"0.0": 574509, "0.5921479558728099": 3082, "0.00980132450331126": 18875, "3.5885274776539405e-05": 334399, "0.0017501988862370723": 69135}