{"0.1713032143197787": 31453, "0.5121189187876629": 741279, "0.25465280225590414": 226960, "0.05194805194805195": 308}