{"0.04226944305875159": 248572, "0.0": 146, "0.5685593644091338": 107994, "0.014553956194136528": 381958, "0.0011822911731871192": 242749, "0.00026909208331090897": 18581}