{"0.0": 999403, "0.001692047377326565": 591, "0.8333333333333334": 6}