{"0.5759552145853722": 146119, "0.009498876174908051": 391520, "0.0010651799474209046": 44124, "0.0": 4, "0.0307005903407909": 418233}