{"0.0": 999859, "0.5714285714285714": 7, "0.007462686567164179": 134}