{"0.0004065340240449422": 420629, "8.313934153641503e-05": 96224, "0.5818730972984635": 41717, "0.0": 3756, "0.007136458841041719": 303652, "0.02607780812105475": 134022}