{"0.0": 1997397, "0.0023148148148148147": 432, "0.3125": 16, "0.0004640371229698376": 2155}