{"0.00460280295118418": 474928, "0.018178263547933737": 271093, "0.5855058561415994": 64633, "0.0": 281, "0.0002856160579694814": 189065}