{"0.5307645549101716": 473792, "0.011682486700740586": 9587, "0.07420492284984077": 146338, "0.14014438463678325": 370261, "0.0": 22}