{"0.01728907851887589": 265312, "0.5873177726439894": 62765, "0.0": 314, "0.00033431432638195916": 197419, "0.004449693160969232": 474190}