{"0.01082937714673259": 365672, "0.0008050838019048347": 314253, "0.0003021313996923753": 36408, "0.0": 489, "0.574909299217109": 78555, "0.03456111971772479": 204623}