{"0.01848047101045333": 376722, "0.561106301171883": 146687, "0.05050083615185475": 292411, "0.0004735969689793985": 8446, "0.0": 31, "0.0019464664803674383": 175703}