{"0.0": 994888, "0.0004772130756382725": 4191, "0.6470588235294118": 51, "0.0034482758620689655": 870}