{"0.0": 881951, "9.410613289668088e-06": 106263, "0.004377431906614786": 2056, "0.582010582010582": 189, "0.0005240540823813018": 9541}