{"0.003241058844664384": 539947, "0.00018104562075331438": 364549, "0.0": 2068, "0.5892019720229268": 49898, "0.014552143813285812": 243538}