{"0.560920591011356": 168457, "0.05522716028758859": 311278, "0.0": 22, "0.0022410561486431425": 147252, "0.02115399278890668": 367212, "0.0003460806367883717": 5779}