{"0.0": 1217, "0.00019647067228691862": 55988, "0.03010907416467609": 173735, "0.5748814242089533": 61564, "0.0006790496617173332": 362271, "0.009309870374393512": 345225}