{"0.00023350644521030715": 231257, "0.0016207455429497568": 617, "0.01632547185348661": 242872, "0.004012163997203386": 470569, "0.5880771692420225": 54685}