{"0.0": 999381, "0.7142857142857143": 7, "0.004901960784313725": 612}