{"0.038103085957740805": 277904, "0.5481838411444578": 293449, "0.00556479721166033": 50496, "0.001652892561983471": 605, "0.08660401646421893": 377546}