{"7.243752263672582e-05": 27610, "0.0010053595576417947": 282486, "0.5708010392813105": 90832, "0.03855959636550354": 223965, "0.012387874130874435": 374802, "0.0": 305}