{"0.0": 4403, "0.0001120357680703272": 383806, "0.002617612102606545": 415646, "0.5989500114129194": 30667, "0.01265425011179734": 165478}