{"0.5656748289352682": 128314, "0.0004889975550122249": 12270, "0.01659753217446586": 380659, "0.04663432805722687": 272739, "0.0014663539739649338": 205953, "0.0": 65}