{"0.031576247274592795": 116955, "0.0726015383219589": 495995, "0.5546278317152104": 386250, "0.00125": 800}